id,product_name,long_description,created_date,active_date
520f78d3571d4d508384ff8bfeb549f8,Small Pariatur Box,Sit aut voluptatem accusantium consequatur perferendis. Sit accusantium voluptatem perferendis consequatur aut. Perferendis voluptatem aut accusantium sit consequatur. Sit perferendis consequatur voluptatem accusantium aut. Accusantium sit voluptatem perferendis aut consequatur. Sit consequatur perferendis voluptatem aut accusantium. Accusantium sit aut consequatur perferendis voluptatem. Aut consequatur voluptatem accusantium sit perferendis. Sit consequatur aut voluptatem perferendis accusantium. Aut perferendis voluptatem consequatur accusantium sit.,1082677573,676369275
9355d853c8bd4337ae8dd5a3680bb979,Useful Et Tool,Aut sit voluptatem consequatur perferendis accusantium. Aut consequatur accusantium perferendis sit voluptatem. Sit aut accusantium consequatur perferendis voluptatem. Accusantium perferendis aut voluptatem sit consequatur. Accusantium perferendis consequatur sit voluptatem aut. Aut perferendis consequatur sit accusantium voluptatem.,183218121,467166791
0543e96d7c2947d2b54a560796b1c284,Steel Eos Siding,Sit aut consequatur accusantium voluptatem perferendis. Accusantium voluptatem sit aut consequatur perferendis. Consequatur sit perferendis accusantium aut voluptatem. Aut accusantium consequatur voluptatem perferendis sit. Consequatur aut voluptatem perferendis sit accusantium.,1382811029,537880708
d324a6930b41455195f4cb8cda07d39b,Steel Qui Siding,Aut sit voluptatem consequatur perferendis accusantium. Accusantium aut perferendis consequatur sit voluptatem. Sit aut consequatur voluptatem accusantium perferendis. Perferendis consequatur aut accusantium voluptatem sit. Aut consequatur accusantium voluptatem sit perferendis. Accusantium aut sit consequatur perferendis voluptatem. Aut perferendis consequatur sit accusantium voluptatem. Perferendis consequatur aut sit voluptatem accusantium.,455551481,836247017
3f7753e305744eeb976032af8e2c1674,Large Enim Case,Accusantium perferendis consequatur voluptatem sit aut. Consequatur sit aut accusantium perferendis voluptatem. Consequatur sit accusantium voluptatem aut perferendis. Aut sit voluptatem consequatur perferendis accusantium. Consequatur sit accusantium voluptatem perferendis aut.,840931555,1357453074
7f58a63ca02d4c41b28c481449af246f,Steel Sit Siding,Aut sit accusantium consequatur perferendis voluptatem. Perferendis consequatur aut voluptatem sit accusantium. Voluptatem perferendis aut consequatur sit accusantium. Perferendis aut sit voluptatem consequatur accusantium. Consequatur voluptatem sit accusantium perferendis aut.,577477369,1496742026
fca4b100405845029f0406af427edb60,Multiple Occaecati Kit,Accusantium perferendis voluptatem consequatur sit aut. Aut perferendis voluptatem consequatur sit accusantium. Aut sit accusantium perferendis consequatur voluptatem. Voluptatem consequatur accusantium sit aut perferendis. Sit accusantium aut voluptatem consequatur perferendis. Sit voluptatem consequatur aut accusantium perferendis. Accusantium voluptatem perferendis consequatur sit aut. Consequatur sit perferendis voluptatem aut accusantium. Accusantium consequatur voluptatem sit aut perferendis.,1304343986,1498340302
ce382ecd59ed4b8598f319e61ad9f6e5,Heavy Odio Bucket,Aut consequatur accusantium perferendis sit voluptatem. Aut sit voluptatem consequatur accusantium perferendis. Perferendis accusantium sit consequatur voluptatem aut.,452199100,1431076235
c97c4460f8c5444c886687cffe3633b0,Wooden Numquam Fencing,Perferendis consequatur voluptatem accusantium sit aut. Perferendis voluptatem aut accusantium consequatur sit. Voluptatem sit perferendis accusantium consequatur aut. Sit perferendis aut consequatur voluptatem accusantium. Sit accusantium voluptatem perferendis aut consequatur. Consequatur aut perferendis voluptatem sit accusantium. Perferendis voluptatem consequatur aut accusantium sit. Accusantium perferendis sit consequatur aut voluptatem. Consequatur aut perferendis sit voluptatem accusantium.,655736067,1326951173
f9a651c0e40c435ba1c878e7283a5a9d,Useful Ut Tool,Sit aut perferendis accusantium consequatur voluptatem. Consequatur voluptatem aut sit accusantium perferendis. Perferendis sit accusantium consequatur voluptatem aut. Accusantium voluptatem perferendis consequatur aut sit. Consequatur voluptatem sit aut accusantium perferendis. Consequatur voluptatem perferendis sit accusantium aut. Perferendis sit accusantium voluptatem aut consequatur. Sit voluptatem accusantium aut consequatur perferendis.,1525985622,61350511
db551005ee324be089df6fb617af2417,Steel Ad Siding,Consequatur sit aut accusantium perferendis voluptatem. Perferendis accusantium sit voluptatem aut consequatur. Perferendis consequatur sit voluptatem aut accusantium. Consequatur accusantium perferendis voluptatem sit aut. Consequatur voluptatem accusantium sit aut perferendis. Voluptatem consequatur aut perferendis sit accusantium. Aut accusantium sit consequatur perferendis voluptatem. Voluptatem sit perferendis accusantium consequatur aut.,1003685909,384000772
e8dc6a1ca17241e5b2cb32e745150e46,Steel Maiores Siding,Sit perferendis aut accusantium consequatur voluptatem. Sit accusantium aut voluptatem perferendis consequatur. Perferendis voluptatem consequatur sit aut accusantium. Perferendis sit aut consequatur voluptatem accusantium. Accusantium aut voluptatem sit consequatur perferendis.,678658235,83619756
d18473e7b13744f695f01447575bbff2,Wooden Iusto Fencing,Accusantium consequatur sit aut perferendis voluptatem. Aut voluptatem accusantium perferendis sit consequatur. Aut sit voluptatem consequatur perferendis accusantium. Voluptatem consequatur aut accusantium perferendis sit. Aut sit perferendis voluptatem consequatur accusantium.,1382553167,628558885
43144835a6d8440390a13687e2544d72,Multiple Sed Kit,Consequatur perferendis voluptatem sit aut accusantium. Voluptatem accusantium perferendis consequatur aut sit. Perferendis aut accusantium voluptatem sit consequatur.,1184134900,667910684
a20b297e3f2d43268d037ce444f679d2,Large Excepturi Case,Perferendis consequatur voluptatem aut accusantium sit.,1539112134,1342213885
19ec40e5453a401db5cb76616cec3e15,Multiple Nam Kit,Voluptatem sit perferendis aut consequatur accusantium. Perferendis aut consequatur sit accusantium voluptatem. Consequatur accusantium sit aut perferendis voluptatem. Sit consequatur aut accusantium voluptatem perferendis. Perferendis accusantium aut voluptatem sit consequatur. Aut sit consequatur voluptatem perferendis accusantium.,793892253,1193132708
de32fd244f6647a7b9037caadedbd04d,Small Reprehenderit Box,Voluptatem consequatur sit perferendis aut accusantium. Aut perferendis voluptatem consequatur accusantium sit. Consequatur aut accusantium perferendis voluptatem sit. Perferendis accusantium voluptatem sit consequatur aut. Voluptatem accusantium consequatur perferendis aut sit. Voluptatem accusantium consequatur perferendis aut sit. Sit consequatur accusantium perferendis aut voluptatem. Perferendis voluptatem consequatur aut sit accusantium.,274048500,673043390
92a896a59649416c8a85262df5d3fa9e,Small Inventore Box,Voluptatem sit perferendis aut accusantium consequatur. Consequatur voluptatem accusantium aut sit perferendis. Sit perferendis accusantium voluptatem aut consequatur. Voluptatem aut consequatur sit accusantium perferendis. Accusantium aut sit consequatur voluptatem perferendis. Perferendis aut accusantium voluptatem sit consequatur. Aut consequatur accusantium sit voluptatem perferendis. Consequatur perferendis aut sit voluptatem accusantium.,989385929,1043540446
53745fe0ad004fd494b87cc08ff7ae54,Wooden Quis Fencing,Voluptatem sit accusantium aut perferendis consequatur. Sit voluptatem perferendis consequatur accusantium aut. Voluptatem perferendis accusantium aut consequatur sit.,1043426354,158075470
687a5b9ac9e647c392acd457ef8988d9,Heavy Veniam Bucket,Consequatur perferendis accusantium sit aut voluptatem. Voluptatem accusantium consequatur perferendis aut sit. Accusantium perferendis sit aut voluptatem consequatur. Perferendis accusantium voluptatem aut consequatur sit.,781796682,733176192
09b0ca8d82e04003909e78da1c8775f9,Heavy Nihil Bucket,Consequatur aut sit accusantium voluptatem perferendis. Voluptatem accusantium consequatur aut perferendis sit. Aut voluptatem perferendis consequatur accusantium sit. Sit accusantium consequatur aut perferendis voluptatem. Consequatur sit voluptatem accusantium aut perferendis.,17693905,1363037840
b5e73eeb90d64aa98dafd63fd01d4a47,Small Rerum Box,Voluptatem consequatur accusantium aut perferendis sit. Accusantium perferendis aut sit consequatur voluptatem. Sit accusantium voluptatem perferendis aut consequatur.,639032857,691386060
b94c77f979c042dc9b0a63b149774651,Useful Culpa Tool,Accusantium voluptatem aut perferendis sit consequatur. Consequatur accusantium aut sit perferendis voluptatem. Aut voluptatem perferendis sit consequatur accusantium. Sit perferendis voluptatem aut consequatur accusantium.,653913032,691159968
81a5b57e8c04424b8f5d188f15e24e85,Wooden Amet Fencing,Accusantium aut consequatur perferendis sit voluptatem. Aut accusantium perferendis voluptatem consequatur sit. Perferendis aut consequatur sit voluptatem accusantium. Accusantium sit perferendis consequatur aut voluptatem. Voluptatem aut consequatur sit accusantium perferendis. Voluptatem sit consequatur accusantium aut perferendis.,85845445,1096743199
46fefc5dad294a6095784ebd0054fc52,Heavy Molestias Bucket,Consequatur aut perferendis accusantium sit voluptatem. Accusantium sit aut voluptatem perferendis consequatur.,434494217,1212880988
4d207a7fde1a43d189c5a67759c78b5a,Useful Dolorum Tool,Consequatur accusantium sit perferendis aut voluptatem. Sit perferendis consequatur aut accusantium voluptatem. Accusantium perferendis voluptatem consequatur sit aut.,182931424,1326714446
a8ae5372cc54421095083287af4c66d5,Useful Dolorem Tool,Aut voluptatem perferendis accusantium consequatur sit. Accusantium aut voluptatem sit consequatur perferendis. Accusantium perferendis sit consequatur aut voluptatem. Aut voluptatem sit perferendis consequatur accusantium. Aut accusantium consequatur voluptatem sit perferendis. Voluptatem consequatur perferendis accusantium aut sit. Accusantium aut perferendis consequatur voluptatem sit. Voluptatem aut consequatur sit accusantium perferendis.,1291523806,558828701
9145fc7ea86848d3b7d4cd84318c1b39,Multiple Dolor Kit,Aut perferendis consequatur sit voluptatem accusantium. Sit perferendis voluptatem accusantium aut consequatur. Consequatur voluptatem perferendis aut accusantium sit.,1373452856,444074119
4d187da9763b4e5ba06627f584327092,Multiple Cum Kit,Voluptatem consequatur accusantium sit perferendis aut. Accusantium perferendis voluptatem sit consequatur aut. Perferendis voluptatem accusantium sit consequatur aut. Sit perferendis voluptatem consequatur aut accusantium. Sit accusantium perferendis aut consequatur voluptatem. Consequatur perferendis sit aut accusantium voluptatem. Aut consequatur accusantium voluptatem sit perferendis. Accusantium consequatur sit aut voluptatem perferendis. Consequatur aut voluptatem perferendis accusantium sit. Sit perferendis consequatur aut accusantium voluptatem.,1340357601,1368865891
ce899ae52e484857988430f3ec2e7bb1,Multiple Fugiat Kit,Accusantium consequatur voluptatem aut perferendis sit.,631177767,792798399
d8dec22e1b8e451699216f95cea0858d,Multiple Doloribus Kit,Aut consequatur perferendis accusantium voluptatem sit. Accusantium sit consequatur voluptatem aut perferendis. Aut accusantium sit consequatur perferendis voluptatem. Perferendis accusantium voluptatem consequatur sit aut. Accusantium perferendis consequatur sit voluptatem aut. Accusantium perferendis sit voluptatem consequatur aut.,633706674,1542992253
d2520e0de46744adae76f435fc41aa0c,Small Repellendus Box,Consequatur accusantium aut voluptatem sit perferendis. Aut accusantium sit voluptatem perferendis consequatur.,80559239,156092922
50e94105c4da4fcf8a7e31650c9418eb,Large Quo Case,Voluptatem consequatur aut perferendis sit accusantium. Voluptatem accusantium sit aut perferendis consequatur. Accusantium consequatur voluptatem aut perferendis sit. Sit accusantium voluptatem aut perferendis consequatur. Accusantium consequatur voluptatem aut perferendis sit. Consequatur aut accusantium sit voluptatem perferendis.,761199024,998005176
1607c5cc2a85445b8ff375a7a18d67f2,Multiple Odit Kit,Perferendis accusantium aut voluptatem sit consequatur. Consequatur voluptatem perferendis sit accusantium aut. Perferendis consequatur aut sit accusantium voluptatem. Sit aut accusantium perferendis voluptatem consequatur. Perferendis aut consequatur voluptatem sit accusantium. Sit perferendis consequatur accusantium aut voluptatem. Consequatur sit voluptatem aut perferendis accusantium. Sit voluptatem perferendis aut consequatur accusantium. Perferendis sit accusantium voluptatem consequatur aut.,802037047,1054780135
e2b6eab623cc432396309711c9e7318d,Multiple Nobis Kit,Sit voluptatem accusantium aut consequatur perferendis. Consequatur sit aut voluptatem perferendis accusantium. Perferendis voluptatem consequatur aut accusantium sit. Voluptatem accusantium perferendis sit consequatur aut. Accusantium perferendis voluptatem aut consequatur sit. Aut accusantium perferendis consequatur voluptatem sit. Aut accusantium voluptatem sit perferendis consequatur. Aut sit consequatur accusantium voluptatem perferendis.,604403204,388588804
0e334d3d220e4c9d83d8c39534049829,Multiple At Kit,Aut consequatur voluptatem perferendis accusantium sit. Perferendis aut accusantium consequatur sit voluptatem.,1400654570,1398138779
6f9f27076bf641a6b20efab41441c503,Useful Vero Tool,Perferendis voluptatem accusantium aut sit consequatur. Accusantium voluptatem perferendis aut consequatur sit. Accusantium consequatur voluptatem perferendis aut sit. Accusantium voluptatem aut perferendis consequatur sit.,957337245,658581393
29ffa663cc4c40e6b8ece3269a846533,Heavy Eaque Bucket,Perferendis consequatur accusantium voluptatem aut sit. Voluptatem aut sit accusantium perferendis consequatur. Perferendis sit accusantium voluptatem aut consequatur. Aut accusantium perferendis voluptatem consequatur sit. Sit aut voluptatem perferendis accusantium consequatur. Aut voluptatem consequatur accusantium sit perferendis. Aut accusantium perferendis sit voluptatem consequatur.,1152332051,1209806093
eb6cacf34d1f423c8730c77c4c6c845d,Heavy Eius Bucket,Sit perferendis aut accusantium consequatur voluptatem. Sit accusantium voluptatem perferendis consequatur aut. Perferendis aut voluptatem consequatur sit accusantium. Voluptatem sit perferendis accusantium consequatur aut. Accusantium aut sit voluptatem consequatur perferendis. Accusantium aut sit voluptatem consequatur perferendis.,1189990045,537436117
18279a5eead645bf9dc8468f890d2eb7,Heavy Perspiciatis Bucket,Voluptatem consequatur perferendis aut accusantium sit.,1483792829,1489038567
76c93ccd8cd54d64aad961e4ca8722bb,Multiple Aliquam Kit,Accusantium voluptatem aut perferendis consequatur sit. Aut consequatur sit perferendis accusantium voluptatem.,1321537164,1339473781
620ab9269d944e01abcf740679bb5a0d,Multiple Modi Kit,Consequatur voluptatem aut perferendis sit accusantium. Consequatur voluptatem perferendis sit accusantium aut. Perferendis sit consequatur accusantium voluptatem aut. Consequatur perferendis accusantium aut voluptatem sit. Aut accusantium sit consequatur perferendis voluptatem. Sit aut perferendis accusantium consequatur voluptatem. Sit aut perferendis voluptatem accusantium consequatur. Perferendis consequatur accusantium sit voluptatem aut.,1359034254,1543764935
2e299bfe71894efe96adc6a5a312743b,Multiple Magnam Kit,Perferendis sit accusantium consequatur voluptatem aut. Aut perferendis voluptatem consequatur sit accusantium. Aut perferendis voluptatem consequatur sit accusantium.,860164930,831091113
6e752675c611462cb236da7f020fd8dc,Steel Aliquid Siding,Consequatur accusantium voluptatem perferendis aut sit. Voluptatem sit consequatur accusantium perferendis aut. Sit voluptatem consequatur perferendis aut accusantium. Consequatur accusantium sit perferendis aut voluptatem.,1093485599,531015489
7fed0b44e57b43a59d286bd4dc116a41,Useful Harum Tool,Aut accusantium perferendis voluptatem sit consequatur. Accusantium perferendis voluptatem consequatur sit aut. Sit voluptatem consequatur accusantium perferendis aut. Consequatur voluptatem accusantium aut perferendis sit. Accusantium voluptatem perferendis aut consequatur sit. Accusantium aut perferendis voluptatem consequatur sit. Sit consequatur accusantium voluptatem aut perferendis.,1164842851,965605454
1678d89c467b4dd88284142220afab75,Useful Magni Tool,Perferendis sit voluptatem accusantium aut consequatur. Voluptatem aut accusantium sit perferendis consequatur. Accusantium sit perferendis voluptatem consequatur aut. Perferendis consequatur sit voluptatem accusantium aut. Accusantium aut sit consequatur perferendis voluptatem. Aut sit voluptatem consequatur accusantium perferendis. Sit aut perferendis voluptatem consequatur accusantium. Voluptatem perferendis accusantium aut consequatur sit.,1520869506,300478206
b6526fcb36904b3dbd323e0d056f8f84,Large Quae Case,Perferendis sit consequatur accusantium voluptatem aut. Sit perferendis aut voluptatem accusantium consequatur. Perferendis consequatur aut sit accusantium voluptatem. Sit aut accusantium voluptatem consequatur perferendis. Accusantium aut sit perferendis voluptatem consequatur. Sit aut perferendis accusantium voluptatem consequatur. Perferendis accusantium consequatur sit aut voluptatem.,559669559,1508244024
bdcc2d4d19fa4f37aaaff50ddeb5d3b4,Useful Corporis Tool,Accusantium sit perferendis voluptatem consequatur aut. Perferendis consequatur aut voluptatem sit accusantium. Voluptatem sit aut accusantium perferendis consequatur. Voluptatem accusantium aut consequatur sit perferendis. Sit consequatur aut accusantium voluptatem perferendis. Voluptatem aut consequatur perferendis sit accusantium. Perferendis sit aut voluptatem accusantium consequatur. Aut sit voluptatem perferendis accusantium consequatur. Voluptatem sit accusantium aut consequatur perferendis.,9534491,312880202
b6b3f3be94214c3f8c00426232063d58,Wooden Nesciunt Fencing,Consequatur voluptatem aut perferendis sit accusantium. Voluptatem aut accusantium sit perferendis consequatur.,1214868043,620855226
738aeb8720dd49429ac1221aacd5af92,Small Neque Box,Voluptatem consequatur sit aut perferendis accusantium. Aut accusantium voluptatem sit consequatur perferendis. Perferendis accusantium sit voluptatem consequatur aut. Consequatur sit accusantium voluptatem perferendis aut. Sit perferendis voluptatem accusantium aut consequatur. Consequatur perferendis sit aut accusantium voluptatem. Accusantium consequatur aut perferendis sit voluptatem. Voluptatem sit consequatur perferendis aut accusantium. Perferendis aut sit accusantium voluptatem consequatur.,508193514,881473398
9f39a48458e84c5ca7d0756b9fbe0fd5,Small Id Box,Perferendis accusantium sit consequatur voluptatem aut. Perferendis consequatur voluptatem sit accusantium aut. Perferendis voluptatem aut consequatur accusantium sit.,746707842,1071583355
4873696561a947a3ae5d1afe6a3f8ea0,Heavy Ducimus Bucket,Aut accusantium consequatur sit perferendis voluptatem. Aut consequatur accusantium voluptatem sit perferendis. Consequatur perferendis sit aut voluptatem accusantium.,197159010,833361657
42a3b42030fc4ed3acdcff3ab3cd2f07,Useful Error Tool,Aut accusantium voluptatem consequatur perferendis sit.,1099719463,1074797370
501ee35d92b24a568e0ca6243031ffa0,Large Iure Case,Consequatur aut perferendis sit voluptatem accusantium. Sit voluptatem aut accusantium consequatur perferendis. Perferendis voluptatem accusantium sit aut consequatur. Consequatur perferendis accusantium voluptatem sit aut. Voluptatem sit aut accusantium consequatur perferendis. Consequatur accusantium sit perferendis aut voluptatem. Voluptatem consequatur sit accusantium perferendis aut.,255660256,605007603
4c6e0b2d51a44191b3d74b0867095b94,Heavy Voluptatem Bucket,Sit consequatur perferendis aut voluptatem accusantium. Consequatur accusantium aut perferendis sit voluptatem. Voluptatem aut consequatur accusantium perferendis sit. Aut sit consequatur accusantium voluptatem perferendis. Consequatur aut perferendis accusantium voluptatem sit. Aut perferendis accusantium sit voluptatem consequatur. Consequatur voluptatem aut perferendis sit accusantium. Perferendis accusantium consequatur voluptatem aut sit. Sit consequatur perferendis accusantium voluptatem aut. Consequatur perferendis voluptatem accusantium aut sit.,1154666966,562836375
0bfa5723e22b4cd1b4863fc8d9451ad1,Steel Accusantium Siding,Sit voluptatem aut perferendis accusantium consequatur.,1437839478,1075627382
77bb36d4c76b43ecacf373bb9bbb0682,Steel Fugit Siding,Aut consequatur accusantium perferendis sit voluptatem. Perferendis sit consequatur accusantium aut voluptatem. Accusantium consequatur aut sit voluptatem perferendis. Aut accusantium voluptatem sit perferendis consequatur. Sit perferendis voluptatem consequatur aut accusantium.,1474974479,376750092
8f34a8a7bf8f4697b543ae1b77201862,Useful Quasi Tool,Aut sit voluptatem perferendis consequatur accusantium. Aut accusantium voluptatem sit perferendis consequatur. Accusantium aut voluptatem sit consequatur perferendis. Consequatur sit aut perferendis voluptatem accusantium. Consequatur perferendis sit accusantium voluptatem aut. Sit aut perferendis consequatur voluptatem accusantium. Aut sit consequatur accusantium voluptatem perferendis. Perferendis accusantium sit voluptatem consequatur aut. Perferendis voluptatem consequatur accusantium sit aut.,441960922,1443406170
e28b7ef3579f42be92f10ea51c03a068,Useful Aut Tool,Voluptatem accusantium perferendis consequatur aut sit. Voluptatem consequatur accusantium perferendis aut sit. Accusantium perferendis consequatur sit voluptatem aut. Accusantium consequatur sit perferendis aut voluptatem. Accusantium aut sit voluptatem perferendis consequatur. Perferendis voluptatem consequatur accusantium aut sit. Aut voluptatem accusantium sit consequatur perferendis. Voluptatem sit perferendis consequatur aut accusantium. Sit accusantium consequatur voluptatem perferendis aut. Aut perferendis consequatur voluptatem accusantium sit.,1283087433,302365830
e28c316e57cd429f9a4d3ebc7e890234,Multiple Maxime Kit,Voluptatem perferendis consequatur accusantium aut sit. Perferendis aut voluptatem accusantium sit consequatur. Voluptatem sit accusantium perferendis aut consequatur. Accusantium perferendis aut sit voluptatem consequatur. Sit consequatur accusantium voluptatem perferendis aut. Perferendis aut accusantium sit consequatur voluptatem. Accusantium voluptatem sit aut consequatur perferendis. Voluptatem sit perferendis consequatur aut accusantium. Consequatur accusantium voluptatem perferendis aut sit.,720710053,388771206
243431cb508840d8884e0df058f08455,Heavy Voluptatum Bucket,Aut consequatur accusantium sit perferendis voluptatem.,118235836,577646132
0fe4b62d3931473d808c249f35a6694f,Useful Illo Tool,Perferendis sit consequatur accusantium voluptatem aut. Consequatur voluptatem sit perferendis aut accusantium. Consequatur aut accusantium perferendis sit voluptatem. Aut sit consequatur voluptatem perferendis accusantium. Voluptatem perferendis aut sit accusantium consequatur. Consequatur perferendis aut voluptatem sit accusantium. Accusantium sit voluptatem aut perferendis consequatur.,1417283720,217906638
7e32ae2f278541728bfa2308d6bc5644,Wooden Ea Fencing,Perferendis accusantium voluptatem consequatur aut sit. Sit voluptatem aut accusantium perferendis consequatur. Perferendis consequatur sit accusantium voluptatem aut. Sit voluptatem consequatur perferendis aut accusantium. Sit perferendis accusantium aut consequatur voluptatem. Voluptatem consequatur sit accusantium aut perferendis. Perferendis aut voluptatem accusantium sit consequatur. Voluptatem consequatur accusantium sit perferendis aut.,1235267594,384909022
17da671b95cc4a6ebdd32548fac4f057,Useful Laboriosam Tool,Voluptatem aut perferendis sit consequatur accusantium. Aut sit accusantium consequatur perferendis voluptatem. Aut accusantium voluptatem perferendis consequatur sit. Sit consequatur accusantium aut perferendis voluptatem. Accusantium voluptatem consequatur aut sit perferendis.,1186402785,558147655
c847de7fbf6c4e7cb14a7bc7a91ec8bd,Small Assumenda Box,Sit perferendis consequatur voluptatem aut accusantium. Sit voluptatem aut perferendis consequatur accusantium.,202927728,1164842275
2150167cfe4f473fbd18ff0a7e87102a,Multiple Est Kit,Voluptatem aut accusantium perferendis sit consequatur. Accusantium perferendis consequatur voluptatem aut sit. Consequatur perferendis accusantium sit voluptatem aut. Consequatur accusantium sit voluptatem aut perferendis. Sit voluptatem perferendis accusantium aut consequatur. Sit aut consequatur voluptatem perferendis accusantium.,608773559,1049864044
6e9ce185e36d442782f0058aeb9ee010,Heavy Nostrum Bucket,Voluptatem consequatur perferendis aut accusantium sit.,708340584,272846380
bb67c833dce144d9a3782234c13d887f,Wooden Velit Fencing,Consequatur perferendis aut voluptatem accusantium sit. Perferendis accusantium aut voluptatem sit consequatur. Voluptatem perferendis accusantium consequatur aut sit. Consequatur accusantium voluptatem sit perferendis aut.,650226538,1327606435
ebfeb3176b784fdcafe74e54eb966347,Small Ipsam Box,Consequatur perferendis sit voluptatem aut accusantium. Consequatur aut perferendis accusantium sit voluptatem. Accusantium aut perferendis sit voluptatem consequatur. Consequatur sit perferendis accusantium aut voluptatem. Perferendis accusantium sit voluptatem aut consequatur. Consequatur aut voluptatem perferendis accusantium sit. Perferendis voluptatem consequatur sit accusantium aut. Consequatur accusantium perferendis sit voluptatem aut. Voluptatem consequatur aut accusantium sit perferendis. Consequatur sit aut perferendis accusantium voluptatem.,1000706542,270819098
8525028f053c41fd807b663dc2e89a8e,Wooden Voluptate Fencing,Sit aut accusantium perferendis consequatur voluptatem. Aut consequatur accusantium voluptatem sit perferendis. Accusantium consequatur voluptatem sit perferendis aut. Perferendis sit voluptatem aut accusantium consequatur.,327556937,84450705
12df17689a31425caafcd74234039530,Heavy Libero Bucket,Accusantium consequatur voluptatem perferendis sit aut. Accusantium aut perferendis sit voluptatem consequatur. Aut voluptatem accusantium sit perferendis consequatur. Consequatur accusantium aut sit perferendis voluptatem. Perferendis voluptatem sit accusantium consequatur aut. Aut sit perferendis voluptatem accusantium consequatur. Sit perferendis accusantium consequatur voluptatem aut. Voluptatem sit consequatur perferendis aut accusantium. Voluptatem accusantium aut consequatur sit perferendis. Sit aut accusantium consequatur voluptatem perferendis.,182159977,504351780
674eb4ee5de04f3c93bf6ccf71182efd,Useful Nisi Tool,Consequatur sit accusantium voluptatem aut perferendis. Consequatur aut voluptatem accusantium perferendis sit. Aut voluptatem consequatur perferendis sit accusantium. Sit voluptatem perferendis aut accusantium consequatur.,145976823,261337543
8c90cea328b5488e8e4777d6e5051f67,Heavy Impedit Bucket,Sit voluptatem consequatur aut accusantium perferendis. Aut perferendis sit voluptatem consequatur accusantium. Consequatur voluptatem aut perferendis sit accusantium.,870570969,1156287949
c736573f6d8f469ab879bc0e0d919b58,Multiple Animi Kit,Sit aut consequatur voluptatem accusantium perferendis. Voluptatem accusantium consequatur perferendis sit aut. Perferendis accusantium sit consequatur voluptatem aut.,255870673,311910688
b835aa709be94b848b55cac4a9a9dd51,Heavy Voluptates Bucket,Accusantium consequatur sit perferendis voluptatem aut. Voluptatem consequatur accusantium sit perferendis aut. Accusantium consequatur voluptatem perferendis sit aut. Voluptatem perferendis sit accusantium aut consequatur. Aut consequatur sit accusantium perferendis voluptatem.,429201045,1558751761
30a8106a342244b6a6e59370fc1d793f,Heavy Sequi Bucket,Aut accusantium consequatur voluptatem perferendis sit. Perferendis sit voluptatem accusantium aut consequatur. Accusantium perferendis voluptatem sit aut consequatur. Aut consequatur sit accusantium perferendis voluptatem.,1069775299,1493855033
f97258f7570e4270a5f7ba3a44799ea2,Wooden Porro Fencing,Perferendis voluptatem consequatur aut sit accusantium. Voluptatem consequatur aut sit accusantium perferendis. Voluptatem accusantium aut sit consequatur perferendis. Perferendis aut sit voluptatem accusantium consequatur. Perferendis sit consequatur voluptatem accusantium aut. Consequatur aut accusantium sit perferendis voluptatem. Consequatur accusantium voluptatem aut perferendis sit. Consequatur voluptatem aut sit perferendis accusantium.,118970194,333638831
b079b6b431424e8a8f9fc08096373c85,Multiple Consequuntur Kit,Sit accusantium consequatur aut voluptatem perferendis. Accusantium voluptatem aut consequatur perferendis sit. Accusantium perferendis sit voluptatem aut consequatur. Aut accusantium voluptatem perferendis sit consequatur. Voluptatem accusantium perferendis sit aut consequatur. Consequatur accusantium voluptatem sit aut perferendis.,591902579,1184349978
511c24e93fb840438e928f9f7fbe9cea,Steel Reiciendis Siding,Sit consequatur perferendis accusantium voluptatem aut. Aut accusantium consequatur sit voluptatem perferendis. Perferendis consequatur aut sit voluptatem accusantium.,130751243,69621142
00aff3726f8743548f4010b02fdb3d22,Useful Incidunt Tool,Aut accusantium sit consequatur perferendis voluptatem. Accusantium voluptatem perferendis consequatur aut sit. Perferendis accusantium aut sit voluptatem consequatur. Consequatur perferendis voluptatem accusantium aut sit. Sit perferendis accusantium consequatur voluptatem aut. Sit aut accusantium voluptatem consequatur perferendis.,1318600768,63335554
8f668f585c1547508265d1af96a7dca8,Heavy Minima Bucket,Perferendis sit voluptatem aut accusantium consequatur. Perferendis voluptatem sit accusantium aut consequatur. Aut consequatur voluptatem accusantium perferendis sit. Consequatur voluptatem accusantium aut sit perferendis. Perferendis aut voluptatem sit consequatur accusantium. Sit aut consequatur perferendis accusantium voluptatem. Accusantium voluptatem perferendis sit consequatur aut.,342956930,936215851
f5c07e659a7d4d96bd7f939285a7b539,Small Veritatis Box,Aut consequatur accusantium sit perferendis voluptatem. Sit voluptatem consequatur perferendis aut accusantium. Consequatur accusantium aut voluptatem sit perferendis. Perferendis consequatur sit aut accusantium voluptatem. Perferendis voluptatem accusantium aut consequatur sit. Voluptatem accusantium sit consequatur aut perferendis.,1321497542,933515124
c1efc2f1ee7940fb843a3ef734daae6b,Useful Consectetur Tool,Perferendis aut sit voluptatem consequatur accusantium. Aut consequatur voluptatem accusantium perferendis sit. Perferendis consequatur sit accusantium voluptatem aut. Consequatur aut accusantium perferendis voluptatem sit.,371151344,303153551
fdfb2ff109b64b77a5780d93f05dc934,Small Expedita Box,Voluptatem perferendis consequatur accusantium aut sit. Aut voluptatem consequatur accusantium perferendis sit. Accusantium voluptatem aut consequatur perferendis sit. Voluptatem accusantium aut sit perferendis consequatur. Perferendis accusantium voluptatem sit aut consequatur.,1232386655,798402051
6a2a8b1cb3374fafa09184b0bd79f813,Wooden Alias Fencing,Consequatur aut perferendis sit voluptatem accusantium. Consequatur aut sit voluptatem perferendis accusantium. Aut consequatur sit voluptatem perferendis accusantium.,1552556767,1400474539
4d9d6316aba24f93a36e1402d633eed9,Steel Adipisci Siding,Accusantium sit aut perferendis consequatur voluptatem. Consequatur sit aut accusantium perferendis voluptatem. Voluptatem perferendis accusantium consequatur aut sit. Voluptatem perferendis sit accusantium consequatur aut. Aut sit perferendis voluptatem consequatur accusantium. Accusantium aut perferendis consequatur sit voluptatem. Consequatur aut sit voluptatem accusantium perferendis. Accusantium consequatur perferendis aut voluptatem sit.,1111648610,184420889
75f6de5bb0ca4fb99bef8b2f9fe0c2dd,Useful Itaque Tool,Voluptatem aut accusantium consequatur sit perferendis. Accusantium perferendis sit aut voluptatem consequatur. Sit consequatur perferendis accusantium aut voluptatem.,672946599,1180191576
30d8fa74c16f48c0b8fb1f5cd753e276,Useful Dicta Tool,Voluptatem sit consequatur accusantium aut perferendis. Accusantium perferendis aut sit consequatur voluptatem. Sit perferendis consequatur accusantium aut voluptatem. Accusantium sit aut consequatur perferendis voluptatem. Voluptatem accusantium aut perferendis sit consequatur. Voluptatem consequatur perferendis sit accusantium aut. Accusantium consequatur aut perferendis voluptatem sit.,32653645,1347205021
08c879bb4b6a4c3da315b6b7efcec992,Wooden Facilis Fencing,Consequatur perferendis sit accusantium voluptatem aut. Consequatur voluptatem perferendis accusantium aut sit. Accusantium voluptatem sit aut perferendis consequatur. Sit accusantium voluptatem aut consequatur perferendis. Consequatur voluptatem accusantium sit perferendis aut. Aut accusantium voluptatem perferendis sit consequatur. Aut consequatur accusantium perferendis sit voluptatem. Consequatur sit aut accusantium perferendis voluptatem. Consequatur perferendis aut voluptatem sit accusantium.,393381271,613461874
61d9d90a13464f458be8e4a9f3edc349,Large Quidem Case,Aut accusantium voluptatem consequatur sit perferendis. Voluptatem perferendis accusantium aut consequatur sit. Accusantium consequatur aut sit voluptatem perferendis. Perferendis aut consequatur voluptatem sit accusantium. Aut consequatur perferendis sit accusantium voluptatem. Accusantium aut consequatur sit voluptatem perferendis. Aut perferendis sit voluptatem accusantium consequatur. Accusantium sit perferendis aut consequatur voluptatem. Perferendis accusantium consequatur aut voluptatem sit.,655564802,1349875697
c3ed8ea3535741c2aa580929d893b5c2,Multiple Cupiditate Kit,Aut voluptatem accusantium perferendis sit consequatur. Aut perferendis consequatur voluptatem sit accusantium. Consequatur aut sit voluptatem accusantium perferendis. Aut voluptatem accusantium sit perferendis consequatur. Consequatur accusantium perferendis voluptatem sit aut. Consequatur accusantium aut sit perferendis voluptatem. Aut voluptatem consequatur perferendis accusantium sit. Accusantium consequatur sit aut voluptatem perferendis. Consequatur accusantium perferendis aut voluptatem sit. Consequatur perferendis sit accusantium voluptatem aut.,212223049,1123555013
aad4e127285646d08081038953a4a098,Large Aspernatur Case,Voluptatem consequatur perferendis sit aut accusantium. Accusantium perferendis sit voluptatem aut consequatur.,389866851,1432399205
372cc78730564184ae9e83edb5a6a2ee,Wooden Non Fencing,Accusantium consequatur perferendis aut voluptatem sit. Perferendis sit consequatur aut accusantium voluptatem.,515043524,751055277
1f53b7eecac941d2b71122e6f708dfe8,Wooden Sint Fencing,Perferendis voluptatem sit accusantium aut consequatur.,813286830,1010197874
88b170cb89ef4ccb87da1338c56df551,Multiple Vitae Kit,Sit aut voluptatem perferendis accusantium consequatur. Sit voluptatem consequatur accusantium aut perferendis. Accusantium sit aut consequatur voluptatem perferendis. Consequatur sit voluptatem perferendis aut accusantium. Aut sit consequatur accusantium voluptatem perferendis. Accusantium voluptatem aut consequatur sit perferendis. Sit accusantium voluptatem aut consequatur perferendis. Accusantium consequatur perferendis aut voluptatem sit. Voluptatem consequatur sit perferendis accusantium aut.,601661200,414125567
537d8a842ecb46899dcb909b9c7cf3e1,Large Vel Case,Accusantium perferendis sit consequatur aut voluptatem. Aut accusantium sit voluptatem consequatur perferendis. Sit perferendis voluptatem consequatur accusantium aut. Voluptatem sit consequatur aut accusantium perferendis. Consequatur aut perferendis accusantium sit voluptatem.,192322865,235714068
19de675da674493a95044a1e1241992f,Small Soluta Box,Aut consequatur perferendis voluptatem sit accusantium. Aut sit accusantium consequatur perferendis voluptatem. Consequatur sit perferendis aut accusantium voluptatem. Voluptatem consequatur aut sit accusantium perferendis. Consequatur aut sit voluptatem perferendis accusantium. Sit voluptatem consequatur aut accusantium perferendis. Accusantium perferendis aut sit voluptatem consequatur. Aut perferendis accusantium consequatur voluptatem sit.,733034823,215534418
da80eb4711244db4a15bea284c6b9321,Wooden Doloremque Fencing,Perferendis sit voluptatem accusantium aut consequatur. Aut perferendis accusantium voluptatem consequatur sit.,1085677697,285957800
8163d17a4609452392fdbc3a75596621,Wooden Tenetur Fencing,Aut consequatur voluptatem perferendis sit accusantium.,1150768449,1400858435
034e62e92a1d439a9e15c17821414da5,Useful Eveniet Tool,Voluptatem perferendis consequatur accusantium sit aut. Perferendis consequatur aut accusantium voluptatem sit. Accusantium perferendis sit consequatur aut voluptatem. Perferendis accusantium sit voluptatem aut consequatur. Aut perferendis voluptatem sit accusantium consequatur. Consequatur sit voluptatem aut perferendis accusantium. Perferendis accusantium sit consequatur voluptatem aut. Consequatur accusantium voluptatem perferendis aut sit. Consequatur perferendis voluptatem aut sit accusantium.,1314927208,1074332798
